Month,Year,Date,Confirmed Cases (Cumulative),Confirmed Cases: Daily Change,Active Cases (As of Date),Recovered Cases (Cumulative),In Hospital (As of Date),In Hospital: Daily Change,In Intensive Care (As of Date),In Intensive Care: Daily Change,Deaths (Cumulative),Deaths: Daily Change,Test Count: Edmonton,Test Count: Alberta,Test Percentage,Test Positivity Rate,Hospitalization Rate,Rate of Cases: Edmonton
March,2020,2020-03,78,,,,,,,,,,16,61,26,0,,
April,2020,2020-04,400,3,,,,,,,,,322,648,50,2.48,,
May,2020,2020-05,499,3,,,,,,,,,316,784,40,1.27,,
June,2020,2020-06,796,1,,,,,,,,,444,1334,33,0.45,,
July,2020,2020-07,1387,0,,,,,,,,,399,1148,35,0.25,0.2,
August,2020,2020-08,2489,1,,,,,,,,,452,1587,28,0.22,0.3,
September,2020,2020-09,4336,6,,,,,,,,,567,1555,36,2.65,0.3,
October,2020,2020-10,7957,1,,,,,,,,,570,1833,31,0.35,0.3,
November,2020,2020-11,17133,7,,,,,,,,,591,1485,40,0.68,0.3,
December,2020,2020-12,37208,8,,,,,,,,,776,2083,37,1.42,0.3,
January,2021,2021-01,49191,4,,,,,,,,,841,2878,29,0.71,0.4,
February,2021,2021-02,52916,9,,,,,,,,,746,2869,26,1.47,0.4,
March,2021,2021-03,55588,11,,,,,,,,,1047,3594,29,0,0.2,
April,2021,2021-04,63284,3,,,,,,,,,873,3507,25,0.34,0.2,
May,2021,2021-05,74568,4,,,,,,,,,968,2854,34,0.41,0.2,
June,2021,2021-06,77526,11,,,,,,,,,850,2728,31,1.18,0.2,
July,2021,2021-07,77928,14,,,,,,,,,1036,3143,33,1.54,0.3,
August,2021,2021-08,80730,12,,,,,,,,,403,1646,24,2.73,0.3,
September,2021,2021-09,90987,5,,,,,,,,,376,1316,29,0.8,0.5,
October,2021,2021-10,99725,23,,,,,,,,,1455,3697,39,1.37,0.6,
November,2021,2021-11,103061,14,,,,,,,,,1047,2145,49,1.15,0.7,
December,2021,2021-12,107995,9,,,,,,,,,855,1929,44,1.05,0.9,
January,2022,2022-01,140672,17,,,,,,,,,1426,2549,56,1.05,1,
,,,,38,,,,,,,,,1625,4771,34,3.08,1.2,
,,,,46,,,,,,,,,1485,3610,41,2.76,1.1,
,,,,20,,,,,,,,,1085,4009,27,2.49,1.1,
,,,,12,,,,,,,,,396,1723,23,2.53,1,
,,,,13,,,,,,,,,553,1807,31,1.81,1,
,,,,21,270,77,,,,,4,,505,1187,43,4.55,0.8,
,,,,10,256,98,,,,,4,0,337,941,36,1.48,0.7,
,,,,11,243,121,,,,,4,0,486,1705,29,1.65,0.7,
,,,,10,232,139,,,,,5,1,461,1288,36,2.17,0.9,
,,,,9,235,144,,,,,7,2,630,2291,27,1.11,0.9,
,,,,2,192,189,,,,,7,0,945,2851,33,0.95,1,
,,,,8,183,205,,,,,7,0,889,2240,40,1.12,0.9,
,,,,4,168,224,,,,,7,0,454,2305,20,1.1,1.1,
,,,,2,158,236,,,,,8,1,532,2136,25,0.75,1,
,,,,5,,,,,,,8,0,506,2573,20,0.59,0.7,
,,,,10,,,,,,,8,0,877,3095,28,1.14,0.8,
,,,,7,138,283,,,,,8,0,763,2967,26,0.66,0.8,
,,,,5,128,297,,,,,8,0,1876,5341,35,0.43,0.7,
,,,,3,114,307,,,,,8,0,1237,3801,33,0.32,0.8,
,,,,6,113,316,,,,,9,1,1438,4371,33,0.42,0.7,
,,,,12,109,328,,,,,9,0,1163,4016,29,0.86,0.7,
,,,,5,105,337,,,,,9,0,1106,4314,26,0.54,0.9,
,,,,4,106,339,,,,,9,0,705,4058,17,0.71,0.6,
,,,,8,113,343,,,,,10,1,1014,4473,23,1.08,0.4,
,,,,12,116,349,,,,,10,0,1110,4531,24,1.35,0.4,
,,,,8,117,352,,,,,10,0,1145,4663,25,0.96,0.3,
,,,,4,118,356,,,,,10,0,1417,4303,33,0.49,0.2,
,,,,2,112,363,,,,,11,1,843,3445,24,0.59,0.2,
,,,,3,112,366,,,,,11,0,698,4363,16,1.15,0,
,,,,3,109,369,,,,,12,1,786,5077,15,1.02,0.1,
,,,,5,114,372,,,,,12,0,772,5035,15,1.17,0.1,
,,,,1,108,381,,,,,12,0,710,2846,25,0.42,0.1,
,,,,1,99,393,,,,,12,0,1295,4971,26,0.23,0.2,
,,,,2,96,395,,,,,12,0,945,3242,29,0.32,0.2,
,,,,1,91,399,,,,,12,0,685,2557,27,0.44,0.3,
,,,,3,82,409,,,,,12,0,679,3033,22,0.88,0.3,
,,,,0,75,418,,,,,12,0,514,2883,18,0,0.2,
,,,,2,71,425,12,,,,12,0,952,4136,23,0.32,0.2,
,,,,0,69,428,10,-2,,,12,0,984,3781,26,0,0.2,
,,,,2,65,432,9,-1,,,12,0,1167,4214,28,0.6,0.1,
,,,,4,62,437,9,0,,,12,0,1052,3259,32,0.76,0.1,
,,,,0,60,436,9,0,,,12,0,796,2794,28,0.13,0,
,,,,2,61,439,8,-1,,,12,0,1025,3756,27,0.49,0,
,,,,2,63,441,7,-1,2,,12,0,1081,4409,25,0.46,0,
,,,,0,61,444,9,2,2,0,12,0,1264,4769,27,0.55,0,
,,,,1,60,446,8,-1,2,0,12,0,838,4701,18,0.84,0,
,,,,1,60,446,8,0,3,1,12,0,722,3986,18,0.14,0,
,,,,0,58,448,9,1,3,0,12,0,972,3189,30,0.41,0.1,
,,,,0,58,448,9,0,2,-1,12,0,983,3229,30,0.2,0.1,
,,,,1,59,450,5,-4,2,0,12,0,573,2503,23,0.35,0.1,
,,,,2,61,451,7,2,1,-1,12,0,684,3277,21,0.73,0.1,
,,,,0,58,453,5,-2,1,0,13,1,684,3722,18,0.29,0.1,
,,,,0,55,455,5,0,1,0,13,0,651,3823,17,0,0.1,
,,,,1,55,455,5,0,1,0,13,0,805,3861,21,0.5,0.1,
,,,,1,52,459,5,0,1,0,13,0,927,3234,29,0.22,0,
,,,,0,49,462,5,0,1,0,13,0,847,2958,29,0,0,
,,,,2,52,462,4,-1,1,0,13,0,735,3056,24,0.68,0.1,
,,,,3,53,462,6,2,1,0,13,0,732,3607,20,0.55,0.1,
,,,,1,55,463,8,2,1,0,13,0,1017,3902,26,0.2,0.1,
,,,,10,67,464,9,1,1,0,13,0,1003,3863,26,2.19,0.2,
,,,,5,69,464,9,0,1,0,13,0,937,3366,28,0.64,0.2,
,,,,9,44,497,9,0,1,0,13,0,953,3132,30,1.36,0.2,
,,,,3,45,502,9,0,1,0,13,0,779,2746,28,0.39,0.2,
,,,,5,45,505,10,1,1,0,13,0,766,4060,19,1.04,0.1,
,,,,2,47,506,9,-1,1,0,13,0,1194,4781,25,0.42,0.1,
,,,,8,57,504,8,-1,1,0,13,0,1706,5416,31,0.64,0.1,
,,,,22,76,505,6,-2,1,0,13,0,1650,5604,29,1.58,0,
,,,,12,,,,,,,13,0,1398,5870,24,1.07,0,
,,,,17,106,494,6,,1,,13,0,1792,5491,33,0.95,0.1,
,,,,11,112,498,5,-1,1,0,13,0,1936,4976,39,0.62,0.1,
,,,,17,134,498,6,1,2,1,13,0,1815,5923,31,1.1,0.1,
,,,,23,140,509,7,1,2,0,13,0,2167,6850,32,1.29,0.4,
,,,,19,149,515,9,2,2,0,13,0,2909,8479,34,0.65,0.5,
,,,,13,160,515,10,1,2,0,13,0,1912,6183,31,0.73,0.8,
,,,,9,169,526,10,0,3,1,13,0,2749,7665,36,0.58,0.8,
,,,,19,175,526,8,-2,2,-1,13,0,2770,7459,37,0.83,0.8,
,,,,21,190,529,10,2,2,0,13,0,2825,6365,44,0.71,1.2,
,,,,14,201,533,12,2,2,0,13,0,2873,6969,41,0.63,1.4,
,,,,21,200,556,12,0,2,0,14,1,3115,7821,40,0.83,1.2,
,,,,26,211,569,12,0,2,0,14,0,4246,9100,47,0.68,1.2,
,,,,29,226,583,11,-1,2,0,14,0,3621,7401,49,1.05,0.9,
,,,,23,238,594,9,-2,3,1,14,0,3789,8326,46,0.9,0.9,
,,,,11,236,607,9,0,2,-1,14,0,2142,6894,31,0.47,1,
,,,,26,236,635,12,3,2,0,14,0,2805,6540,43,0.93,0.7,
,,,,27,250,650,13,1,2,0,14,0,2488,6514,38,1.13,0.7,
,,,,10,237,673,16,3,2,0,15,1,2480,6367,39,0.52,0.6,
,,,,22,241,688,13,-3,2,0,15,0,2847,6633,43,0.81,0.7,
,,,,16,228,715,14,1,2,0,15,0,1664,6391,26,1.14,0.8,
,,,,23,242,727,16,2,2,0,15,0,2884,6509,44,0.94,0.8,
,,,,33,257,754,18,2,3,1,15,0,3141,6996,45,1.15,0.8,
,,,,15,246,767,18,0,3,0,15,0,3113,7198,43,0.45,0.7,
,,,,16,,,,,,,15,0,2706,6947,39,0.55,0.5,
,,,,23,233,820,17,,3,,15,0,3109,7675,41,0.84,0.5,
,,,,20,240,833,19,2,4,1,15,0,3657,6735,54,0.63,0.5,
,,,,5,,,,,,,15,0,2051,5958,34,0.34,0.7,
,,,,18,,,,,,,15,0,1849,5546,33,1.03,1.4,
,,,,19,234,879,30,,3,,17,2,2463,5593,44,1.06,1.4,
,,,,28,243,897,30,0,3,0,17,0,3130,6016,52,1.02,1.4,81.4
,,,,18,232,926,29,-1,4,1,17,0,2589,6265,41,0.89,1.7,82.6
,,,,4,215,944,27,-2,4,0,20,3,3098,6964,44,0.36,1.9,82.9
,,,,23,203,980,30,3,6,2,19,-1,3633,7801,47,0.72,1.7,84.5
,,,,14,,,,,,,,,3468,7528,46,0.58,1.6,
,,,,24,,,,,,,,,3889,9995,39,0.62,1,
,,,,12,199,1034,25,,4,,19,,2818,7591,37,0.67,0.8,88.1
,,,,22,198,1055,27,2,4,0,21,2,2106,5801,36,1.09,1.2,89.6
,,,,13,194,1072,30,3,3,-1,21,0,2469,6372,39,0.77,1,90.5
,,,,24,217,1072,29,-1,2,-1,22,1,2967,8211,36,0.98,0.9,92.2
,,,,23,213,1098,28,-1,4,2,23,1,2552,6472,39,1.06,0.9,93.8
,,,,21,,,,,,,,,2595,9710,27,0.89,0.9,
,,,,19,,,,,,,,,2240,6853,33,1.03,0.8,
,,,,17,225,1141,29,,7,,25,,2600,6949,37,0.81,1,97.8
,,,,24,233,1156,29,0,7,0,26,1,2949,7813,38,1.05,0.6,99.5
,,,,25,236,1176,29,0,7,0,28,2,3247,8146,40,0.83,0.6,101.3
,,,,11,232,1190,30,1,7,0,29,1,2313,8222,28,0.52,0.6,102.1
,,,,22,232,1210,28,-2,7,0,31,2,3111,8735,36,0.93,0.6,103.6
,,,,32,,,,,,,,,3446,10582,33,1.16,0.4,
,,,,18,,,,,,,,,2850,9848,29,1.05,0.5,
,,,,34,279,1241,26,,6,,37,,2477,7428,33,1.49,0.4,109.5
,,,,18,276,1260,25,-1,6,0,39,2,2798,7900,35,0.75,0.4,110.8
,,,,30,278,1285,25,0,6,0,42,3,3341,8975,37,1.08,0.3,112.9
,,,,24,278,1304,26,1,6,0,47,5,2302,8670,27,1.22,0.3,114.6
,,,,18,272,1328,26,0,6,0,47,0,2247,8384,27,0.93,0.4,115.8
,,,,33,,,,,,,,,3684,11501,32,1.09,0.4,
,,,,22,,,,,,,,,2847,9144,31,0.91,0.3,
,,,,24,,,,,,,,,2030,6933,29,1.48,0.2,
,,,,26,275,1427,26,,8,,50,,2678,7236,37,0.97,0.3,123.2
,,,,49,308,1443,25,-1,8,0,50,0,2639,7197,37,2.01,0.3,126.7
,,,,34,325,1459,24,-1,8,0,51,1,3563,7987,45,1.01,0.2,129.1
,,,,39,329,1493,23,-1,7,-1,52,1,2463,8553,29,2.03,0.3,131.8
,,,,50,,,,,,,,,3130,8779,36,1.98,0.4,
,,,,42,,,,,,,,,2961,10166,29,1.69,0.5,
,,,,26,388,1550,26,,7,,54,,2795,7412,38,0.97,0.7,140.1
,,,,49,401,1586,26,0,7,0,54,0,3122,7057,44,1.67,0.6,143.6
,,,,95,470,1611,21,-5,7,0,55,1,3579,8024,45,2.43,0.6,150.2
,,,,30,475,1635,21,0,7,0,56,1,2497,7746,32,1.08,0.7,152.3
,,,,52,497,1665,22,1,7,0,56,0,2850,8199,35,1.75,0.7,156
,,,,81,,,,,,,,,3827,10886,35,1.62,0.6,
,,,,55,,,,,,,,,2681,8663,31,1.9,0.7,
,,,,59,593,1764,20,,7,,56,,2798,8691,32,2.14,0.6,169.7
,,,,34,636,1755,20,0,7,0,56,0,2603,8027,32,2.15,0.7,172.1
,,,,52,631,1812,22,2,7,0,56,0,3003,9029,33,1.73,0.7,175.8
,,,,52,622,1873,19,-3,6,-1,56,0,2845,9281,31,1.58,0.7,179.4
,,,,86,676,1905,18,-1,4,-2,56,0,3480,9866,35,2.41,0.6,185.5
,,,,25,,,,,,,,,3030,10175,30,0.79,0.8,
,,,,47,,,,,,,,,3822,10096,38,1.2,0.9,
,,,,29,631,2049,22,,4,,58,,2621,8489,31,1.03,0.9,192.6
,,,,38,608,2109,22,0,3,-1,59,1,2730,8440,32,1.32,0.8,195.3
,,,,61,625,2153,23,1,3,0,59,0,3847,9239,42,1.59,0.9,199.5
,,,,52,589,2240,25,2,3,0,60,1,3725,10089,37,1.29,1.2,199.5
,,,,33,544,2318,21,-4,4,1,60,0,3509,10962,32,0.94,1.1,205.5
,,,,43,,,,,,,,,3693,10220,36,1.22,1,
,,,,75,,,,,,,,,4137,11205,37,1.72,0.8,
,,,,53,551,2481,20,,4,,61,,3808,12244,31,1.37,0.9,217.6
,,,,66,542,2555,19,-1,4,0,62,1,2734,9334,29,2.05,1.1,222.2
,,,,51,538,2610,21,2,4,0,62,0,2891,8296,35,1.66,1.3,225.8
,,,,45,527,2666,22,1,4,0,62,0,2714,9547,28,1.47,1.4,228.9
,,,,85,544,2734,21,-1,4,0,62,0,4523,10709,42,1.66,1.7,234.9
,,,,54,,,,,,,,,4479,11386,39,1.56,1.6,
,,,,84,,,,,,,,,3327,11368,29,2.37,1.7,
,,,,63,,,,,,,,,3998,12091,33,1.5,1.6,
,,,,65,648,2892,22,,3,,66,,3984,12561,32,1.61,1.5,253.6
,,,,53,613,2979,22,0,2,-1,67,1,4308,10500,41,1,1.3,257.4
,,,,63,596,3058,22,0,1,-1,68,1,3587,9711,37,1.67,0.9,261.8
,,,,50,580,3124,21,-1,1,0,68,0,4621,11979,39,1.15,0.6,265.3
,,,,30,,,,,,,,,3552,12757,28,0.96,0.9,
,,,,93,,,,,,,,,6504,18919,34,1.25,1.1,
,,,,67,654,3239,18,,2,,69,,3484,14451,24,1.95,1.1,278.7
,,,,64,650,3307,18,0,2,0,69,0,5177,12985,40,1.31,1.1,283.2
,,,,119,710,3366,19,1,1,-1,69,0,6188,12540,49,1.76,1.1,291.5
,,,,90,751,3415,21,2,4,3,69,0,6233,13003,48,1.43,1,297.9
,,,,39,711,3494,22,1,2,-2,69,0,3488,11313,31,1.06,1.2,300.6
,,,,63,,,,,,,,,3988,12451,32,1.45,1,
,,,,67,,,,,,,,,3787,9748,39,1.69,0.9,
,,,,80,747,3668,19,,3,,69,,5413,12760,42,1.33,0.9,315.4
,,,,88,820,3682,18,-1,3,0,70,1,3356,14264,24,2.18,1,321.6
,,,,77,821,3758,21,3,5,2,70,0,3945,12317,32,1.85,0.9,327
,,,,78,773,3884,21,0,5,0,70,0,4147,12765,32,1.54,1.7,332.5
,,,,81,786,3952,20,-1,5,0,70,0,5036,14211,35,1.45,1.8,338.2
,,,,33,,,,,,,,,5725,16318,35,1.1,1.9,
,,,,87,,,,,,,,,5738,16365,35,1.52,1.8,
,,,,92,779,4168,21,,5,,73,,5859,18581,32,1.48,1.9,353.1
,,,,84,815,4215,21,0,4,-1,74,1,4472,16187,28,1.88,1.8,359
,,,,83,832,4280,20,-1,5,1,75,1,3986,14071,28,1.88,2.2,364.8
,,,,113,851,4372,19,-1,5,0,77,2,5804,14678,40,1.72,1.6,372.8
,,,,89,835,4477,22,3,7,2,77,0,6624,13379,50,1.43,1.7,379
,,,,75,,,,,,,,,5351,12630,42,1.53,2.4,
,,,,142,,,,,,,,,7035,17445,40,1.92,2.5,
,,,,122,982,4663,23,,6,,83,,5463,15923,34,2.14,2.5,402.9
,,,,158,1063,4740,23,0,5,-1,83,0,5373,17654,30,2.94,2.9,414
,,,,88,1085,4806,28,5,5,0,83,0,6196,13610,46,1.15,3.1,420.2
,,,,266,1251,4906,35,7,6,1,83,0,7846,16408,48,3.35,3.4,438.9
,,,,157,1329,4985,39,4,4,-2,83,0,6768,25383,27,2.35,3.2,449.9
,,,,122,,,,,,,,,6407,16193,40,2.08,2.7,
,,,,126,,,,,,,,,5247,13874,38,2.21,2.9,
,,,,127,,,,,,,,,6576,16657,39,1.93,3.3,
,,,,105,1444,5347,44,,5,,86,,4790,11459,42,2.21,3.2,483.7
,,,,131,1473,5448,48,4,6,1,87,1,5282,14881,35,2.4,3.3,492.9
,,,,120,1497,5543,49,1,6,0,88,1,4861,12721,38,2.43,3.5,501.4
,,,,177,1525,5692,63,14,5,-1,88,0,5949,14155,42,2.82,4.1,513.8
,,,,141,,,,,,,,,6146,16021,38,2.47,4.1,
,,,,86,,,,,,,,,4076,12556,32,2.04,4,
,,,,204,1604,6044,64,,8,,88,,5502,13578,41,3.62,3.7,544.1
,,,,147,1607,6187,63,-1,8,0,89,1,4270,13003,33,3.42,3.6,554.5
,,,,180,1649,6323,60,-3,7,-1,91,2,4641,14904,31,3.64,3.3,567.1
,,,,220,1718,6474,61,1,9,2,91,0,5241,14304,37,4.08,2.8,582.6
,,,,191,1751,6629,61,0,7,-2,94,3,5606,15208,37,3.37,2.5,596
,,,,176,,,,,,,,,5689,16367,35,3.11,2.6,
,,,,300,,,,,,,,,6326,17106,37,4.82,2.7,
,,,,260,2179,6933,62,,8,,98,,4284,12666,34,6.07,2.9,647.8
,,,,155,2290,6976,64,2,7,-1,99,1,2879,9325,31,5.28,3.2,658.7
,,,,144,2245,7162,70,6,9,2,102,3,3533,10631,33,4.13,3.9,668.8
,,,,197,2277,7326,70,0,8,-1,103,1,3584,12153,29,5.47,4.6,682.7
,,,,218,2312,7505,78,8,10,2,107,4,4646,12938,36,4.46,5.3,698
,,,,197,,,,,,,,,4540,13151,35,4.34,5.3,
,,,,167,,,,,,,,,3911,13180,30,4.35,5.9,885.5
,,,,292,2521,7998,,,,,107,,4780,11287,42,6.15,6.6,
,,,,281,2581,8163,100,,13,,117,10,3188,8418,38,8.88,6.6,763.9
,,,,249,2642,8349,98,-2,16,3,119,2,2651,7446,36,4.87,6.7,781.4
,,,,333,2734,8531,,,,,119,0,5201,14103,37,6.38,6.1,
,,,,233,2819,8713,91,,18,,126,7,4908,14158,35,6.17,5.8,781.4
,,,,399,2942,8900,,,,,126,0,4834,15026,32,7.84,6.3,
,,,,245,3064,9088,,,,,126,0,3714,12166,31,6.54,6.4,
,,,,269,3175,9276,106,,22,,138,12,3575,11609,31,7.97,6.4,885.5
,,,,366,3255,9558,115,9,23,1,142,4,3784,9310,41,9.3,6.8,911.2
,,,,263,,,,,,,,,4016,12668,32,6.55,6.6,
,,,,372,3387,10054,124,,28,,149,,4885,14901,33,7.86,7.2,955.9
,,,,403,3572,10268,132,8,30,2,153,4,4954,14002,35,8.3,7.9,984.2
,,,,423,,,,,,,,,4765,14284,33,9.23,8.1,
,,,,391,,,,,,,,,4740,15585,30,8.82,8.3,
,,,,330,4134,10835,153,,36,,168,,4011,12180,33,8.6,8.5,1064.7
,,,,306,4138,11133,152,-1,37,1,172,4,3375,11520,29,9.21,8.7,1086.2
,,,,328,4157,11436,157,5,36,-1,178,6,5089,13412,38,6.58,8.8,1109.3
,,,,531,4388,11732,147,-10,38,2,182,4,5861,16406,36,8.94,10.3,1146.6
,,,,499,4520,12092,163,16,36,-2,189,7,6188,17687,35,8.35,10.4,1181.7
,,,,718,4941,12385,164,1,35,-1,193,4,8675,19270,45,8.13,10.3,1232.2
,,,,836,5479,12683,163,-1,37,2,193,0,7989,19477,41,10.41,10.9,1291
,,,,796,5991,12966,163,0,39,2,194,1,7399,19474,38,10.64,10.9,1347
,,,,541,6128,13356,169,6,39,0,208,14,4971,13576,37,10.22,12.2,1385.1
,,,,560,6268,13769,175,6,40,1,215,7,6209,15644,40,8.89,13.3,1427.3
,,,,459,6444,14046,191,16,47,7,221,6,5911,15932,37,7.56,14.2,1459.7
,,,,640,6614,14512,199,8,51,4,225,4,7087,16284,44,9.03,14.7,1504.8
,,,,812,6968,14967,208,9,51,0,228,3,8795,21657,41,9.11,16,1562
,,,,665,7230,15364,222,14,50,-1,234,6,8125,23282,35,8.15,16.7,1608.9
,,,,605,7388,15808,232,10,53,3,237,3,5895,20499,29,10.16,18.2,1651.5
,,,,660,7552,16297,245,13,51,-2,244,7,6304,15816,40,10.42,19.3,1698
,,,,802,7857,16790,261,16,55,4,248,4,7652,18432,42,10.47,20.3,1754.6
,,,,1003,8331,17309,269,8,61,6,258,10,8233,19622,42,11.94,19.8,1825.2
,,,,827,8578,17877,282,13,63,2,270,12,6079,17186,35,13.51,21.6,1883.5
,,,,818,8777,18492,299,17,62,-1,274,4,7849,21069,37,10.24,22.6,1941.2
,,,,753,8963,19046,336,37,59,-3,287,13,8458,23435,36,8.99,24,1994.2
,,,,814,9190,19621,335,-1,63,4,299,12,9133,20358,45,8.91,24.6,2051.6
,,,,791,9383,20214,357,22,66,3,304,5,7341,19109,38,10.84,24.4,2107.4
,,,,706,9289,21008,375,18,71,5,310,6,6671,16792,40,10.52,24.8,2107.4
,,,,943,9464,21770,371,-4,72,1,316,6,7837,16793,47,11.89,26.4,2223.6
,,,,916,9570,22569,378,7,73,1,327,11,9231,20957,44,9.9,26.2,2288.1
,,,,747,9548,23329,379,1,83,10,336,9,8418,20227,42,8.68,25.9,2340.8
,,,,801,9778,23884,388,9,87,4,352,16,8892,21725,41,9.01,24.9,2397.2
,,,,997,10194,24458,403,15,87,0,359,7,10295,20416,50,9.65,25.2,2467.5
,,,,592,9946,25288,419,16,90,3,369,10,5827,16353,36,9.87,24.8,2509.2
,,,,562,9715,26071,418,-1,87,-3,379,10,6812,17569,39,8.15,23.8,2548.8
,,,,760,9525,27004,420,2,83,-4,396,17,8538,19852,43,8.88,24,2602.4
,,,,650,9376,27794,415,-5,83,0,405,9,7883,19538,40,8.11,23.8,2648.2
,,,,566,9174,28544,432,17,89,6,423,18,7091,18502,38,7.91,23.9,2688.1
,,,,583,9154,29142,428,-4,87,-2,428,5,6879,17956,38,8.4,24.6,2729.2
,,,,525,9147,29666,456,28,87,0,436,8,7464,18306,41,7.03,25.3,2766.2
,,,,441,8644,30606,466,10,87,0,440,4,6153,14199,43,7.02,25.7,2766.2
,,,,664,8427,31475,475,9,83,-4,452,12,8547,19222,44,7.18,26.9,2844.1
,,,,520,,,,,,,,,7143,15585,46,7.42,26.2,
,,,,569,,,,,,,,,8510,17845,48,6.71,26.2,
,,,,370,,,,,,,,,5745,14193,40,6.28,26.3,
,,,,170,,,,,,,,,2709,6866,39,5.94,25.4,
,,,,345,7127,34672,490,,81,,529,,3254,9633,34,10.63,24,2983.2
,,,,356,6701,35439,499,9,85,4,544,15,3910,11006,36,7.95,23.8,3008.3
,,,,657,6624,36165,515,16,83,-2,552,8,6449,14741,44,10.03,22.7,3054.6
,,,,547,,,,,,,,,7692,16867,46,6.64,22.8,
,,,,580,,,,,,,,,7040,16347,43,7.86,21.9,
,,,,332,,,,,,,,,4864,12719,38,6.74,20.6,
,,,,175,,,,,,,,,2921,8112,36,5.44,19.8,
,,,,337,5983,38722,488,,69,,607,,3365,11963,28,9.36,18.9,3054.6
,,,,340,5794,39241,495,7,68,-1,617,10,3570,10301,35,9.22,17.7,3193.5
,,,,421,5673,39767,479,-16,64,-4,633,16,6650,16127,41,6.24,17.3,3247.1
,,,,313,5465,40275,455,-24,64,0,646,13,5042,14833,34,5.89,15.2,3269.2
,,,,407,5483,40652,441,-14,61,-3,658,12,6703,16765,40,5.71,14.2,3297.9
,,,,314,5696,40737,440,-1,62,1,674,16,4692,13540,35,5.63,14.6,3320
,,,,242,5543,41126,423,-17,57,-5,680,6,3765,12302,31,5.84,14.1,3337.1
,,,,194,5441,41411,437,14,60,3,691,11,2863,9838,29,6.11,14.8,3350.7
,,,,255,5042,42042,436,-1,61,1,714,23,2841,9336,30,7.85,14.9,3368.7
,,,,302,4828,42549,428,-8,66,5,723,9,6151,15880,39,4.45,14.6,3390
,,,,313,4570,43108,409,-19,60,-6,735,12,6319,16219,39,4.3,13.8,3412.1
,,,,234,4355,43552,399,-10,54,-6,740,5,5099,13575,38,4.06,13.6,3428.5
,,,,228,4510,43618,379,-20,54,0,747,7,4574,12439,37,4.72,12.6,3444.6
,,,,255,4303,44072,363,-16,51,-3,755,8,3534,11484,31,6.68,12.8,3462.6
,,,,177,4237,44310,366,3,47,-4,760,5,2468,8592,29,6.69,11,3475.1
,,,,104,3875,44774,365,-1,47,0,762,2,2415,8258,29,4.35,10.7,3482.4
,,,,253,3679,45213,363,-2,46,-1,772,10,6629,14888,45,3.76,10.1,3500.2
,,,,230,3561,45550,348,-15,44,-2,783,11,5365,14060,38,4.29,10.6,3516.4
,,,,194,3511,45789,325,-23,42,-2,788,5,5212,13019,40,3.74,9.9,3530.1
,,,,176,3407,46065,314,-11,43,1,792,4,3589,10894,33,4.79,9,3542.5
,,,,138,3299,46295,279,-35,39,-4,808,16,2861,10237,28,4.72,7.7,3552.2
,,,,335,3245,46665,274,-5,38,-1,825,17,2013,7186,28,5.51,7.3,3575.8
,,,,119,3027,46997,272,-2,37,-1,832,7,2647,8312,32,4.46,6.4,3584.2
,,,,134,2862,47292,258,-14,36,-1,836,4,4910,12856,38,2.81,6,3536
,,,,121,2764,47508,255,-3,42,6,839,3,4160,12324,34,3.17,5.9,3544.4
,,,,155,2662,47756,246,-9,38,-4,848,9,4725,11591,41,3.24,6,3555.2
,,,,90,2529,47972,236,-10,36,-2,855,7,3223,10377,31,2.82,5.3,3561.4
,,,,108,2475,48131,228,-8,37,1,858,3,2528,8946,28,4.19,5.3,3568.9
,,,,106,2439,48269,225,-3,38,1,862,4,2044,7294,28,5.38,5.3,3576.3
,,,,73,2280,48498,225,0,36,-2,865,3,2480,7899,31,3.15,4.8,3581.3
,,,,63,2147,48689,223,-2,35,-1,870,5,2592,6837,38,2.28,4.3,3585.7
,,,,181,2117,48895,215,-8,32,-3,875,5,4755,11512,41,2.54,3.7,3598.2
,,,,105,2041,49072,194,-21,30,-2,879,4,3703,9989,37,2.38,3.3,3605.5
,,,,74,1940,49241,182,-12,28,-2,885,6,2617,10033,26,3.06,3.5,3610.7
,,,,73,1889,49362,169,-13,25,-3,888,3,2015,8241,24,3.47,3.2,3615.7
,,,,72,1870,49451,161,-8,23,-2,890,2,1734,6184,28,4.04,2.6,3620.7
,,,,60,1748,49631,159,-2,23,0,892,2,2024,7003,29,2.72,2.5,3624.9
,,,,106,1705,49778,149,-10,22,-1,894,2,4121,10873,38,2.33,2.2,3632.2
,,,,94,1616,49954,138,-11,21,-1,901,7,3646,9968,37,1.84,2,3638.7
,,,,63,1567,50055,122,-16,21,0,912,11,2717,8410,32,2.25,1.9,3643.1
,,,,89,1519,50186,124,2,23,2,918,6,2249,8070,28,3.02,2,3649.3
,,,,46,1453,50294,118,-6,18,-5,922,4,2260,7972,28,1.73,2.1,3652.5
,,,,40,1435,50352,118,0,19,1,922,0,1414,5389,26,2.9,2.5,3655.2
,,,,58,1333,50507,121,3,19,0,927,5,1346,5216,26,3.34,2.4,3659.3
,,,,80,1270,50647,122,1,21,2,930,3,2653,7476,35,3.02,2.6,3664.8
,,,,119,1287,50746,116,-6,16,-5,933,3,3568,10275,35,2.49,3,3664.8
,,,,78,1260,50846,112,-4,17,1,938,5,3334,9376,36,2.1,3,3678.5
,,,,46,1192,50959,106,-6,15,-2,939,1,2361,8380,28,2.03,2.9,3681.7
,,,,49,1115,51082,98,-8,16,1,942,3,1924,7541,26,2.6,2.9,3685.1
,,,,41,1028,51201,96,-2,16,0,951,9,1383,6062,23,3.18,3,3687.9
,,,,60,930,51354,96,0,17,1,956,5,1815,6335,29,2.98,3,3692.1
,,,,117,925,51469,93,-3,18,1,963,7,2465,9467,26,4.02,2.6,3700.2
,,,,96,897,51589,82,-11,18,0,967,4,2953,9217,32,2.95,1.8,3706.8
,,,,109,908,51686,74,-8,18,0,968,1,3076,9212,33,2.63,1.7,3714.4
,,,,88,926,51756,72,-2,18,0,968,0,2008,7761,26,4.38,1.7,3720.5
,,,,87,970,51797,66,-6,15,-3,970,2,1962,7503,26,4.28,1.8,3726.5
,,,,70,1014,51823,69,3,16,1,970,0,1390,5933,23,5.04,1.8,3731.4
,,,,75,1030,51882,76,7,18,2,970,0,1829,5864,31,3.99,2.2,3736.6
,,,,103,1054,51959,76,0,15,-3,972,2,2914,10362,28,3.53,2.5,3743.7
,,,,101,1082,52030,76,0,16,1,974,2,2685,9483,28,3.58,3,3750.7
,,,,87,1101,52097,73,-3,14,-2,975,1,3119,10559,30,3.11,3.1,3756.8
,,,,93,1154,52136,70,-3,13,-1,976,1,2483,8142,30,3.87,3.6,3763.2
,,,,81,,,,,,,,,2016,8086,25,3.77,3.8,
,,,,63,1191,52241,74,,12,,978,,1302,5485,24,5.07,3.7,3773.2
,,,,86,1182,52334,76,2,12,0,980,2,1819,5434,33,4.23,3.5,3779.2
,,,,85,1156,52445,72,-4,11,-1,980,0,2682,10414,26,3.36,3.6,3785.1
,,,,73,1147,52524,75,3,11,0,983,3,2923,10167,29,2.91,4.2,3790.1
,,,,90,1155,52605,81,6,10,-1,984,1,3095,9913,31,3.17,4.9,3796.4
,,,,92,1147,52701,87,6,10,0,988,4,2230,8873,25,4.13,4.6,3802.7
,,,,80,1154,52770,85,-2,10,0,992,4,1892,8343,23,4.02,4.4,3808.3
,,,,76,1160,52839,85,0,12,2,993,1,1586,6618,24,4.92,4.6,3813.6
,,,,80,1114,52964,87,2,13,1,994,1,1635,6018,27,5.14,4.6,3819.1
,,,,114,1163,53029,86,-1,13,0,994,0,3267,10827,30,3.55,4.8,3827
,,,,141,1231,53102,87,1,11,-2,994,0,3048,10934,28,4.92,3.8,3836.8
,,,,163,1299,53197,93,6,10,-1,994,0,3119,11918,26,5.23,3.2,3848.1
,,,,97,1310,53280,89,-4,11,1,997,3,2694,9979,27,3.41,3.4,3854.8
,,,,111,1374,53325,87,-2,11,0,999,2,2591,11405,23,3.94,3.4,3862.5
,,,,88,1407,53378,85,-2,12,1,1001,2,1635,7547,22,5.63,3.2,3868.6
,,,,79,1378,53484,82,-3,13,1,1003,2,1608,7328,22,4.85,3.5,3874.1
,,,,167,1455,53574,83,1,13,0,1003,0,3680,12835,29,4.57,3.6,3885.7
,,,,142,1512,53658,83,0,15,2,1004,1,3387,14062,24,4.07,3.9,3895.5
,,,,130,1552,53747,84,1,18,3,1005,1,2914,13308,22,4.53,4.3,3904.6
,,,,153,1624,53827,87,3,18,0,1006,1,2873,11522,25,5.22,4.4,3915.2
,,,,176,1734,53892,85,-2,17,-1,1007,1,2591,11953,22,6.56,4.3,3927.4
,,,,90,1750,53966,90,5,18,1,1007,0,1534,8362,18,6.13,4.5,3933.6
,,,,138,1762,54090,92,2,14,-4,1009,2,2084,8078,26,6.33,4.8,3943.2
,,,,209,1844,54216,96,4,15,1,1010,1,3703,13739,27,5.91,4.5,3957.7
,,,,180,1889,54349,84,-12,13,-2,1012,2,3594,13610,26,5.18,4.3,3970.2
,,,,244,,,,,,,,,3435,13275,26,7.54,4.6,
,,,,239,,,,,,,,,3228,12095,27,7.31,5.2,
,,,,230,,,,,,,,,2724,11187,24,8.59,5.6,
,,,,181,2365,54765,94,,19,,1014,,2050,9102,23,8.98,6.1,4032.2
,,,,241,2447,54924,97,3,19,0,1014,0,2526,9126,28,9.62,5.7,4048.9
,,,,346,2640,55077,99,2,21,2,1014,0,3830,14051,27,8.9,6,4072.9
,,,,390,2916,55189,101,2,20,-1,1016,2,4548,15203,30,8.33,6.5,4099.9
,,,,395,3169,55330,100,-1,21,1,1017,1,5105,15611,33,7.7,6.7,4127.3
,,,,306,3320,55484,111,11,20,-1,1018,1,4792,14371,33,6.39,7.4,4148.5
,,,,320,3524,55599,120,9,25,5,1019,1,4548,14861,31,6.73,8.3,4170.7
,,,,284,3688,55715,126,6,27,2,1023,4,3575,12286,29,7.22,8.4,4190.4
,,,,253,3717,55938,132,6,29,2,1024,1,3544,11965,30,7,9.1,4207.9
,,,,468,3960,56159,146,14,30,1,1028,4,4902,15738,31,8.43,9.7,4240.4
,,,,448,4201,56365,147,1,29,-1,1029,1,5646,17198,33,7.7,9.7,4271.5
,,,,433,4388,56611,146,-1,32,3,1029,0,5320,16876,32,7.99,9.5,4301.5
,,,,410,4606,56802,148,2,33,1,1030,1,5369,16353,33,7.54,9.1,4329.9
,,,,396,4788,57015,150,2,34,1,1031,1,4738,15343,31,8.08,8.7,4357.4
,,,,307,4887,57223,155,5,36,2,1031,0,3404,12588,27,8.78,8.7,4378.7
,,,,360,4899,57567,161,6,33,-3,1035,4,4313,13163,33,8.28,8.8,4403.6
,,,,522,,,,,,,,,6358,18414,35,8.08,8.9,
,,,,486,5102,58370,179,,39,,1037,,5509,17524,31,8.6,10.7,4473.5
,,,,541,5307,58705,192,13,45,6,1038,1,5995,17562,34,8.84,11.1,4511.1
,,,,570,5536,59045,213,21,50,5,1039,1,6027,17725,34,9.01,11.8,4550.6
,,,,401,5700,59280,219,6,54,4,1041,2,5486,17025,32,7.51,12.4,4578.4
,,,,404,,,,,,,,,4950,14853,33,8.67,13.2,
,,,,255,5672,59969,221,,52,,1039,,2958,13743,22,8.45,13.2,4624.1
,,,,496,5755,60382,223,2,52,0,1039,0,6087,18976,32,8,13.6,4658.5
,,,,577,5916,60798,224,1,56,4,1039,0,6488,20582,32,8.75,12.6,4698.5
,,,,500,5992,61222,233,9,58,2,1039,0,6022,18955,32,8.24,13.6,4698.5
,,,,545,6065,61693,230,-3,60,2,1040,1,5935,20457,29,9,13.1,4771
,,,,356,6088,62026,235,5,61,1,1040,0,4668,16567,28,7.28,12.9,4795.7
,,,,305,6033,62384,233,-2,58,-3,1042,2,3437,15058,23,8.82,12.5,4816.8
,,,,492,6014,62892,235,2,58,0,1045,3,4683,14585,32,10.21,12.2,4850.9
,,,,555,6098,63363,230,-5,54,-4,1045,0,5651,20494,28,9.5,11.7,4889.4
,,,,446,5979,63928,228,-2,56,2,1045,0,5489,19909,28,8.42,11.2,4920.4
,,,,466,5969,64404,232,4,57,1,1045,0,5430,18936,29,8.56,10.5,4952.7
,,,,438,5900,64911,238,6,57,0,1045,0,5644,18809,30,8.03,10,4983
,,,,353,5917,65247,242,4,67,10,1045,0,3721,15509,24,8.98,9.2,5007.5
,,,,369,5944,65586,240,-2,69,2,1048,3,3827,13921,27,9.51,10,5033.1
,,,,284,5707,66107,246,6,71,2,1048,0,2864,11852,24,10.54,9.9,5052.8
,,,,389,5606,66596,263,17,77,6,1049,1,4740,17534,27,8.02,11.7,5079.8
,,,,370,5470,67097,255,-8,77,0,1054,5,3872,15266,25,9.71,10.9,5105.4
,,,,314,5278,67601,246,-9,75,-2,1056,2,3779,15029,25,8.49,10.8,5127.2
,,,,328,5140,68067,243,-3,74,-1,1056,0,4126,12926,32,8.17,10.3,5150
,,,,272,5035,68442,231,-12,79,5,1058,2,3119,11858,26,8.95,9.4,5168.8
,,,,197,4930,68742,223,-8,73,-6,1060,2,1783,7002,25,11.05,9.4,5168.8
,,,,254,4656,69270,228,5,76,3,1060,0,2527,8081,31,10.29,9.7,5200.1
,,,,278,4446,69755,233,5,70,-6,1063,3,3147,10392,30,9.25,9.1,5219.4
,,,,198,4195,70202,226,-7,65,-5,1065,2,2302,9038,25,8.91,9.2,5233.1
,,,,175,3966,70606,220,-6,69,4,1065,0,3495,10130,35,5.06,9.7,5245.2
,,,,132,3729,70973,209,-11,68,-1,1067,2,3202,9500,34,4.78,9.9,5254.4
,,,,138,3562,71277,199,-10,71,3,1068,1,2004,6944,29,6.94,9.5,5264
,,,,99,3361,71576,198,-1,70,-1,1069,1,1237,5085,24,8.25,9.5,5270.8
,,,,90,3088,71936,192,-6,63,-7,1072,3,1238,3998,31,7.27,8.6,5277.1
,,,,113,2823,72312,183,-9,62,-1,1074,2,1836,5979,31,6.59,7.9,5284.9
,,,,136,2616,72655,185,2,61,-1,1074,0,2844,9017,32,5.24,7.1,5294.3
,,,,133,2450,72951,176,-9,62,1,1077,3,2122,7703,28,6.36,6.4,5303.6
,,,,102,2239,73261,159,-17,57,-5,1080,3,2044,6882,30,5.19,5.4,5310.6
,,,,102,2126,73476,152,-7,56,-1,1080,0,1835,6586,28,5.4,5.2,5317.7
,,,,78,2017,73660,143,-9,53,-3,1083,3,1213,4411,27,6.18,5.3,5323.1
,,,,69,1799,73946,143,0,48,-5,1084,1,1364,4100,33,5.13,5.2,5327.9
,,,,95,1647,74192,139,-4,47,-1,1085,1,2318,8315,28,4.57,4.8,5334.5
,,,,79,1522,74392,139,0,47,0,1089,4,2187,6808,32,3.84,4.5,5340
,,,,65,1415,74561,129,-10,41,-6,1092,3,1501,5818,26,4.33,4,5344.5
,,,,61,1346,74689,126,-3,40,-1,1094,2,1968,6843,29,3.3,4,5348.7
,,,,69,1315,74789,116,-10,37,-3,1094,0,1200,5337,22,5.42,3.6,5353.5
,,,,45,1273,74876,110,-6,39,2,1094,0,1335,4027,33,3.75,3.5,5356.6
,,,,30,1209,74970,108,-2,36,-3,1094,0,864,3443,25,3.12,3,5358.7
,,,,80,1114,75142,109,1,33,-3,1097,3,2615,8545,31,3.14,2.9,5364.3
,,,,48,1028,75274,98,-11,34,1,1099,2,1797,5501,33,2.45,2.6,5367.6
,,,,30,929,75402,90,-8,31,-3,1100,1,1903,6682,28,1.89,2.4,5369.7
,,,,23,,,,,,,,,1425,5476,26,1.61,2.2,
,,,,36,800,75590,85,,28,,1100,,1447,5799,25,2.42,2.2,5373.8
,,,,18,750,75658,77,-8,25,-3,1100,0,986,3315,30,2.13,1.8,5375
,,,,25,660,75772,72,-5,22,-3,1101,1,1145,4476,26,1.92,1.7,5376.7
,,,,27,596,75863,65,-7,20,-2,1101,0,2031,6708,30,1.53,1.4,5378.6
,,,,18,535,75942,61,-4,19,-1,1101,0,1822,6044,30,1.15,1.4,5378.6
,,,,5,486,75996,58,-3,18,-1,1101,0,1343,5574,24,0.67,1.5,5380.2
,,,,14,427,76067,51,-7,14,-4,1103,2,1397,5055,28,1.15,1.3,5381.2
,,,,22,404,76112,51,0,14,0,1103,0,1100,4878,23,1.09,0.9,5382.7
,,,,9,370,76155,53,2,18,4,1103,0,854,2833,30,0.82,0.9,5383.3
,,,,-1,311,76214,49,-4,18,0,1102,-1,1563,5019,31,0.7,0.8,5383.3
,,,,6,272,76259,51,2,22,4,1102,0,1612,6335,25,0.68,0.8,5383.7
,,,,6,246,76291,49,-2,18,-4,1102,0,1822,5715,32,0.6,0.8,5384.1
,,,,17,,,,,,,,,1827,7073,26,1.37,0.7,
,,,,13,,,,,,,,,1523,6083,25,0.85,0.7,
,,,,3,,,,,,,,,1346,4587,29,0.3,0.8,
,,,,6,195,76381,46,,15,,1102,,1381,4489,31,0.43,0.6,5386.8
,,,,15,169,76422,41,-5,13,-2,1102,0,1023,3453,30,0.88,0.5,5387.8
,,,,16,158,76449,40,-1,13,0,1102,0,1914,6335,30,0.63,0.5,5388.9
,,,,3,,,,,,,,,1470,5240,28,0.61,0.3,
,,,,3,134,76479,36,,12,,1102,,1853,5492,34,0.22,0.3,5389.4
,,,,19,,,,,,,,,1047,3928,27,0.48,0.3,
,,,,9,,,,,,,,,1176,4208,28,0.77,0.2,
,,,,6,132,76514,32,,13,,1103,,1144,4263,27,0.52,0.2,5391.7
,,,,9,134,76520,33,1,13,0,1104,1,1546,4415,35,0.84,0.4,5392.3
,,,,21,137,76538,33,0,11,-2,1104,0,1802,6162,29,0.78,0.3,5393.8
,,,,2,124,76553,31,-2,10,-1,1104,0,1862,5897,32,0.32,0.3,5393.9
,,,,12,117,76572,30,-1,11,1,1104,0,2070,7316,28,0.58,0.4,5394.8
,,,,15,,,,,,,,,1665,5842,29,0.54,0.5,
,,,,3,,,,,,,,,1369,6021,23,0.15,0.9,
,,,,8,118,76597,35,,11,,1104,,1106,4013,28,0.63,0.8,5396.6
,,,,11,119,76607,34,-1,10,-1,1104,0,1385,4991,28,0.65,0.7,5397.3
,,,,13,113,76626,36,2,11,1,1104,0,1913,6859,28,0.37,0.6,5398.2
,,,,6,118,76627,32,-4,11,0,1104,0,1769,6216,28,0.57,0.6,5398.6
,,,,4,90,76628,31,-1,9,-2,1104,0,1859,6365,29,0.54,0.4,5398.9
,,,,0,,,,,,,,,1515,5517,27,0.53,0.4,
,,,,10,,,,,,,,,1375,5358,26,0.8,0,
,,,,10,129,76640,27,,7,,1104,,1210,4345,28,0.74,0,5400.3
,,,,3,117,76655,27,0,8,1,1104,0,1486,5010,30,0.47,0,5400.5
,,,,14,128,76658,27,0,9,1,1104,0,1678,6479,26,1.31,0.4,5401.5
,,,,22,137,76671,27,0,9,0,1104,0,1854,6622,28,1.24,0.5,5403
,,,,18,155,76670,25,-2,9,0,1105,1,2099,7609,28,1.57,0.3,5404.3
,,,,25,,,,,,,,,1713,6077,28,1.58,0.4,
,,,,22,,,,,,,,,1597,6289,25,1.25,0.5,
,,,,22,203,76691,25,,6,,1105,,1649,5372,31,1.27,0.6,5409
,,,,15,211,76698,23,-2,6,0,1105,0,1356,5428,25,1.11,0.6,5410.1
,,,,41,245,76705,25,2,5,-1,1105,0,2063,7129,29,2.23,0.5,5412.9
,,,,35,274,76711,27,2,6,1,1105,0,2109,7857,27,1.66,0.7,5415.4
,,,,36,301,76718,26,-1,5,-1,1107,2,2449,8285,30,1.35,0.9,5417.9
,,,,53,,,,,,,,,1868,6701,28,3,0.9,
,,,,47,,,,,,,,,1670,6026,28,2.75,1.1,
,,,,24,,,,,,,,,1277,4393,29,1.64,1.1,
,,,,20,402,76761,27,,8,,1107,,1202,4479,27,1.66,0.9,5427.8
,,,,33,416,76780,28,1,7,-1,1107,0,1582,5429,29,1.52,1,5430.1
,,,,75,469,76802,31,3,8,1,1107,0,1902,7460,25,4.1,1,5435.3
,,,,95,527,76839,32,1,9,1,1107,0,2014,7294,28,4.87,1.2,5441.9
,,,,91,,,,,,,,,1975,7795,25,4.51,1.6,
,,,,119,,,,,,,,,2103,7719,27,5.42,1.7,
,,,,54,724,76905,31,,8,,1108,,1293,4464,29,3.94,1.7,5460.2
,,,,69,762,76934,31,0,10,2,1110,2,1452,5424,27,5.03,2.1,5465
,,,,117,837,76976,37,6,11,1,1110,0,2314,8613,27,5.23,2.3,5473.1
,,,,150,955,77008,42,5,13,2,1110,0,2477,8585,29,6.06,2.7,5483.5
,,,,168,1063,77068,50,8,14,1,1110,0,2275,9300,24,7.21,3.1,5495.2
,,,,181,,,,,,,,,2441,8002,31,8.03,3.4,
,,,,128,,,,,,,,,1948,7159,27,6.42,3.2,
,,,,135,1431,77143,55,,15,,1111,,1529,5328,29,8.44,3.2,5526
,,,,141,1549,77166,59,4,16,1,1111,0,1719,5475,31,7.97,3.5,5535.7
,,,,197,1669,77243,62,3,17,1,1111,0,2505,9215,27,7.62,3.8,5549.4
,,,,268,1861,77319,66,4,14,-3,1111,0,2905,9971,29,9.09,3.6,5568
,,,,245,2005,77420,76,10,17,3,1111,0,2423,9005,27,9.95,3.7,5585
,,,,253,,,,,,,,,2636,8959,29,9.52,4.6,
,,,,211,,,,,,,,,2301,8403,27,9.21,5.1,
,,,,165,2408,77645,91,,20,,1112,,1838,5590,33,8.76,5.5,5628.6
,,,,177,2468,77760,94,3,21,1,1114,2,1992,6010,33,8.99,5.3,5640.9
,,,,326,2667,77887,102,8,25,4,1114,0,3062,11747,26,10.48,5.9,5663.5
,,,,341,2857,78038,108,6,27,2,1114,0,2759,10572,26,11.6,6.2,5687.1
,,,,363,3026,78232,117,9,30,3,1114,0,3429,11565,30,10.76,6.9,5712.3
,,,,357,,,,,,,,,3392,11415,30,10.61,7.4,
,,,,309,,,,,,,,,2471,9526,26,12.38,7.8,
,,,,278,3571,78628,134,,38,,1117,,2750,8328,33,10.07,7.8,5777.8
,,,,295,3660,78833,144,10,42,4,1118,1,2484,7487,33,11.23,8.5,5798.2
,,,,391,3838,79045,163,19,43,1,1119,1,3164,12141,26,12.04,9.3,5825.3
,,,,371,3947,79306,165,2,43,0,1120,1,3713,12416,30,9.56,9.6,5851.1
,,,,319,3998,79574,168,3,45,2,1120,0,3079,12551,25,10.1,10.1,5873.2
,,,,389,,,,,,,,,3094,10451,30,12.22,10.6,
,,,,397,,,,,,,,,3632,12846,28,10.66,10.8,
,,,,225,,,,,,,,,2321,7512,31,9.39,11,
,,,,436,4634,80384,202,,54,,1121,,3202,10408,31,13.37,10.9,5973.5
,,,,349,4645,80715,226,24,62,8,1128,7,3734,10687,35,9.29,9.9,5997.7
,,,,485,4783,81058,228,2,64,2,1132,4,4021,13796,29,11.71,10.2,6031.4
,,,,405,4814,81430,233,5,71,7,1134,2,4034,13625,30,9.94,10.6,6059.5
,,,,445,,,,,,,,,4078,14574,28,10.74,13.9,
,,,,439,,,,,,,,,4056,12182,33,10.4,14.3,
,,,,479,5357,82247,277,,86,,1137,,3960,13332,30,12.05,13.1,6154
,,,,389,5323,82670,291,14,94,8,1137,0,3694,11880,31,10.34,13.8,6181
,,,,483,5408,83063,303,12,93,-1,1142,5,5056,15831,32,9.79,14.4,6214.5
,,,,453,5441,83481,314,11,103,10,1144,2,5217,16364,32,8.4,15.2,6245.9
,,,,454,5467,83907,321,7,99,-4,1146,2,5235,17327,30,8.31,15.2,6277.4
,,,,372,,,,,,,,,4639,16409,28,8.13,15.2,
,,,,420,,,,,,,,,5371,16529,32,7.69,15,
,,,,391,5615,84934,326,,99,,1154,,4856,13389,36,8.13,14.4,6359.4
,,,,369,5690,85225,342,16,101,2,1157,3,3674,13597,27,9.47,14.7,6385
,,,,441,5606,85745,347,5,102,1,1162,5,4920,14521,34,8.66,15.2,6415.6
,,,,406,5549,86202,339,-8,102,0,1168,6,5393,17896,30,7.34,14.9,6443.7
,,,,442,5461,86732,323,-16,108,6,1168,0,5105,16848,30,8.5,13.6,6474.4
,,,,432,,,,,,,,,4796,15898,30,8.84,15.7,
,,,,359,,,,,,,,,4248,14846,29,8.31,15.7,
,,,,417,5430,87966,342,,113,,1173,,4473,15037,30,9.21,15.3,6558.1
,,,,340,5280,88450,342,0,113,0,1179,6,3987,11144,36,8.53,14.8,6581.7
,,,,383,5198,88905,337,-5,113,0,1189,10,4723,15025,31,8.38,14.4,6608.3
,,,,412,5175,89337,332,-5,110,-3,1192,3,5817,17590,33,7.03,14.5,6636.8
,,,,323,5080,89752,316,-16,115,5,1195,3,3877,15857,24,8.43,13.7,6659.2
,,,,331,,,,,,,,,4289,14532,30,7.74,13,
,,,,281,,,,,,,,,4269,14316,30,6.63,13.1,
,,,,226,4903,90759,320,,113,,1203,,3504,10417,34,6.34,12.1,6717.4
,,,,163,4585,91238,317,-3,116,3,1205,2,2538,8018,32,6.58,12.2,6728.7
,,,,277,4455,91640,309,-8,113,-3,1210,5,4820,15400,31,5.6,11.9,6747.9
,,,,303,4304,92088,311,2,109,-4,1216,6,4581,15595,29,6.48,11.8,6768.9
,,,,313,4204,92497,323,12,109,0,1220,4,4388,14736,30,7.16,12.1,6790.6
,,,,265,,,,,,,,,4321,13987,31,6.43,12.4,
,,,,209,,,,,,,,,3384,11637,29,6.12,11.3,
,,,,174,,,,,,,,,2572,7720,33,6.65,11.6,
,,,,110,3531,93917,316,,110,,1231,,2064,7333,28,5.28,10.8,6843.2
,,,,121,3281,94278,317,1,108,-2,1241,10,2459,8620,29,4.76,10.2,6851.5
,,,,270,3149,94674,318,1,108,0,1247,6,3925,12733,31,6.78,10.6,6870.3
,,,,235,3050,95005,312,-6,103,-5,1250,3,4302,14054,31,5.42,9.6,6886.6
,,,,192,,,,,,,,,3607,11640,31,5.27,10.3,
,,,,172,,,,,,,,,3364,11437,29,5.17,10.1,
,,,,146,2913,95648,304,,101,,1254,,2133,7165,30,6.89,9.6,6921.9
,,,,103,2717,95942,291,-13,97,-4,1259,5,2270,8030,28,4.54,9.2,6929.1
,,,,229,2603,96284,278,-13,93,-4,1260,1,3634,12114,30,6.14,8.3,6945
,,,,130,2437,96580,277,-1,91,-2,1260,0,2896,11874,24,4.45,7.7,6954
,,,,153,2355,96813,265,-12,87,-4,1262,2,3082,10732,29,4.96,6.8,6964.6
,,,,154,,,,,,,,,3000,10798,28,4.8,6.2,
,,,,98,,,,,,,,,2437,8690,28,3.73,5.7,
,,,,71,2170,97314,251,,84,,1269,,2092,6413,33,3.39,5.3,6987
,,,,107,2166,97422,255,4,85,1,1272,3,2231,7786,29,4.62,5.9,6987
,,,,160,2025,97717,252,-3,85,0,1278,6,2979,11343,26,5.47,6.1,7005.5
,,,,120,1945,97913,249,-3,86,1,1282,4,2755,10277,27,4.94,6.3,7013.8
,,,,120,1847,98131,245,-4,83,-3,1282,0,3096,10505,29,3.84,6.6,7022.1
,,,,135,,,,,,,,,2696,9391,29,4.97,6.4,
,,,,72,,,,,,,,,2005,8249,24,3.54,6.1,
,,,,72,1724,98529,225,,72,,1286,,2092,6717,31,3.35,5.3,7041.5
,,,,53,1540,98765,230,5,74,2,1287,1,2228,7544,30,2.51,4.4,7045.2
,,,,115,1529,98889,226,-4,71,-3,1289,2,3208,10348,31,3.55,4.3,7053.1
,,,,108,1468,99057,212,-14,70,-1,1290,1,3659,12388,30,3.03,4.1,7060.6
,,,,100,1412,99212,211,-1,69,-1,1291,1,3331,11495,29,3.24,3.5,7067.6
,,,,114,,,,,,,,,3266,11495,28,3.64,4.1,
,,,,93,,,,,,,,,2572,8966,29,3.58,4.5,
,,,,60,1421,99465,202,,71,,1296,,1488,5526,27,4.23,4.3,7086.1
,,,,76,1323,99641,201,-1,65,-6,1294,-2,2412,8330,29,3.28,3.9,7091.4
,,,,114,1308,99768,192,-9,60,-5,1296,2,3088,11169,28,3.53,3.8,7091.4
,,,,93,,,,,,,,,3182,11584,27,3.02,4.3,
,,,,83,1246,100004,184,,55,,1298,,2155,8843,24,3.85,3.7,7111.5
,,,,83,,,,,,,,,2183,7967,27,3.89,3.7,
,,,,67,,,,,,,,,2077,7146,29,3.13,3.6,
,,,,72,1249,100220,159,,47,,1301,,1882,6639,28,3.93,3.7,7111.5
,,,,57,1202,100321,154,-5,46,-1,1304,3,1982,6425,31,3.38,3.5,7130.8
,,,,112,1221,100413,157,3,47,1,1305,1,3066,9736,31,3.52,3.8,7138.6
,,,,73,1180,100524,158,1,44,-3,1308,3,2142,8948,24,3.55,3.6,7143.6
,,,,80,1148,100636,160,2,42,-2,1308,0,2340,8673,27,3.55,3.7,7149.2
,,,,110,,,,,,,,,2669,9449,28,4.2,3.6,
,,,,91,,,,,,,,,2270,7615,30,3.83,2.9,
,,,,56,1180,100861,143,,44,,1308,,1249,4824,26,4.32,2.8,7167
,,,,45,1087,100997,148,5,42,-2,1310,2,1498,5311,28,3.4,2.9,7170.1
,,,,117,1132,101068,150,2,46,4,1311,1,3266,10424,31,3.7,3.2,7178.2
,,,,90,1119,101171,150,0,48,2,1311,0,2687,9604,28,3.65,2.8,7184.5
,,,,99,1163,101225,146,-4,43,-5,1312,1,2418,8701,28,3.97,2.8,7193.7
,,,,77,,,,,,,,,1973,7484,26,4.26,3.8,
,,,,67,,,,,,,,,1749,6626,26,3.89,3.9,
,,,,65,1146,101451,134,,37,,1312,,1727,5046,34,3.88,3.9,7208.2
,,,,65,1107,101552,137,3,40,3,1315,3,1510,5350,28,4.44,3.9,7212.7
,,,,108,1146,101620,133,-4,38,-2,1316,1,2805,10756,26,4.06,3.4,7220.2
,,,,121,1164,101721,132,-1,40,2,1318,2,3135,9465,33,3.92,3.3,7228.6
,,,,99,1166,101818,126,-6,43,3,1318,0,2727,9694,28,3.37,3,7235.5
,,,,117,,,,,,,,,2842,8418,34,3.94,2.7,
,,,,65,,,,,,,,,1787,6958,26,3.53,3.1,
,,,,68,1225,102008,126,,41,,1319,,1661,5133,32,4.09,3.1,7252.8
,,,,71,1169,102132,131,5,45,4,1322,3,1822,5478,33,3.73,3.5,7257.7
,,,,114,1202,102213,129,-2,40,-5,1322,0,3402,10700,32,3.35,3.9,7265.6
,,,,84,1194,102305,125,-4,38,-2,1322,0,2878,10044,29,3.37,3.6,7271.5
,,,,70,1172,102397,121,-4,37,-1,1322,0,2667,9139,29,2.59,3.3,7276.3
,,,,115,,,,,,,,,2902,8587,34,3.82,3.6,
,,,,103,,,,,,,,,2170,6483,33,4.65,3,
,,,,69,1264,102592,116,,33,,1322,,1895,5743,33,3.85,2.3,7296.2
,,,,63,1198,102719,116,0,33,0,1324,2,1762,6419,27,3.75,2.3,7300.6
,,,,125,1221,102819,112,-4,33,0,1326,2,3021,10100,30,4.17,2,7309.3
,,,,132,1247,102925,106,-6,35,2,1326,0,3120,9595,33,4.49,2.7,7318.4
,,,,128,1283,103016,105,-1,36,1,1327,1,2788,9694,29,4.88,3,7327.3
,,,,176,,,,,,,,,3141,10063,31,6.08,2.7,
,,,,230,,,,,,,,,2865,8710,33,7.71,2.7,
,,,,148,1630,103222,99,,33,,1328,,1835,6504,28,7.96,2.8,7365.7
,,,,228,,,,,,,,,2689,7298,37,8.93,2.4,
,,,,445,,,,,,,,,3946,11521,34,11.05,2.1,
,,,,538,2539,103523,94,,31,,1329,,3954,11871,33,13.45,2,7449.7
,,,,732,,,,,,,,,4190,11549,36,17.8,3.2,
,,,,777,,,,,,,,,3718,11479,32,20.58,3.2,
,,,,503,,,,,,,,,2419,7240,33,20.46,3,
,,,,410,,,,,,,,,1995,4084,49,20,2.7,
,,,,719,,,,,,,,,2512,6473,39,28.22,3.3,
,,,,1107,6216,104090,99,,30,,1333,,3665,9398,39,29.77,3.7,7744.4
,,,,1735,,,,,,,,,5287,13257,40,31.53,4.5,
,,,,1716,,,,,,,,,4931,13385,37,34.15,5.3,
,,,,1645,,,,,,,,,4934,12753,39,32.89,5.6,
,,,,924,,,,,,,,,3154,9452,33,29.07,6.8,
,,,,713,,,,,,,,,2685,7081,38,26.7,7.8,
,,,,1138,12760,105415,117,,32,,1335,,3076,8232,37,36.93,7.5,8290.4
,,,,1723,13864,106031,131,14,38,6,1338,3,4754,12694,37,35.76,7.2,8410
,,,,1815,14972,106738,136,5,25,-13,1338,0,4681,12318,38,38.45,8.7,8535.9
,,,,2296,16269,107737,147,11,24,-1,1338,0,6239,16231,38,36.51,9.4,8695.1
,,,,2125,,,,,,,,,5020,15010,33,42.13,15.1,
,,,,2324,,,,,,,,,6242,16273,38,37.23,15.4,
,,,,1622,20749,109328,197,,27,,1338,,4515,13879,33,35.86,15,9116.3
,,,,1895,,,,,,,,,4978,12214,41,37.28,21.4,
,,,,2992,22727,112231,264,,32,,1344,,7710,17815,43,38.48,20.7,9455.3
,,,,2287,23353,113888,282,18,32,0,1348,4,5497,14347,38,40.62,22.4,9613.9
,,,,2396,24062,115573,301,19,30,-2,1350,2,6634,16541,40,35.6,24.1,9780.2
,,,,2148,,,,,,,,,5117,16150,32,40.28,28.7,
,,,,1337,,,,,,,,,4944,15346,32,27.35,31.5,
,,,,1122,26002,118289,426,,40,,1360,,3733,11132,34,30.38,33.5,9780.2
,,,,1054,24985,120298,464,38,43,3,1363,3,2974,8995,33,34.94,31.9,10172.9
,,,,1377,24000,122660,467,3,43,0,1363,0,3612,10005,36,36.21,32,10268.4
,,,,1169,22659,125166,473,6,39,-4,1367,4,3285,11041,30,35.04,32,10349.5
,,,,1167,21317,127672,503,30,41,2,1370,3,3400,10572,32,33.94,32.6,10430.4
,,,,1212,,,,,,,,,3082,10390,30,38.32,38,
,,,,858,,,,,,,,,2742,7887,35,30.96,36.8,
,,,,403,18569,132918,539,,42,,1385,,1355,4711,29,29.89,35.6,10430.4
,,,,1022,17052,135412,552,13,43,1,1390,5,2652,6718,39,37.97,33.4,10672.9
,,,,1140,15683,137912,567,15,41,-2,1399,9,3221,9000,36,34.74,34.2,10752
,,,,1030,14219,140402,593,26,42,1,1403,4,2933,9352,31,34.91,36.1,10823.4
